
0,Atul Wadkar,atulwadkar27@gmail.com,9049301122
0,Atul Wadkar,atulwadkar27@gmail.com,9049301122
0,Atul Wadkar,atulwadkar27@gmail.com,9049301122
0,Atul Wadkar,atulwadkar27@gmail.com,9049301122
0,Shantanu Unde,shantanuundepatil@gmail.com,8928904599
0,Shantanu Unde,shantanuundepatil@gmail.com,8928904599
0,Shantanu Unde,shantanuundepatil@gmail.com,8928904599
0,prajwal b,sasadfsfdvgf,94032
0,Shantanu Unde,shantanuundepatil@gmail.com,8928904599
0,Krishna,krishnaunde,8698590999
0,Shantanu Unde,shantanuunde,8928904599
0,Shantanu Unde,shantanuundepatil@gmail.com,8928904599
